<?xml version="1.0" encoding="UTF-8"?>
<project-private xmlns="http://www.netbeans.org/ns/project-private/1">
    <editor-bookmarks xmlns="http://www.netbeans.org/ns/editor-bookmarks/2" lastBookmarkId="0"/>
    <open-files xmlns="http://www.netbeans.org/ns/projectui-open-files/2">
        <group>
            <file>file:/E:/Users/I%20Siddhartha%20Kumar/Documents/NetBeansProjects/poolnew/src/Poolnew.java</file>
            <file>file:/E:/Users/I%20Siddhartha%20Kumar/Documents/NetBeansProjects/poolnew/src/Main.java</file>
            <file>file:/E:/Users/I%20Siddhartha%20Kumar/Documents/NetBeansProjects/poolnew/src/jdbc_con.java</file>
        </group>
    </open-files>
</project-private>
